#,รหัสนักเรียน,ชื่อ-สกุล,ท11101 ภาษาไทย 1,ค11101 คณิตศาสตร์ 1,ว11101 วิทยาศาสตร์และเทคโนโลยี 1,ส11101 สังคมศึกษา ศาสนาและวัฒนธรรม 1,ส11102 ประวัติศาสตร์ 1,พ11101 สุขศึกษาและพลศึกษา 1,ศ11101 ศิลปะ 1,ง11101 การงานอาชีพ 1,อ11101 ภาษาอังกฤษ 1,ส11201 ต้านทุจริตศึกษา 1,ท12101 ภาษาไทย 2,ค12101 คณิตศาสตร์ 2,ว12101 วิทยาศาสตร์และเทคโนโลยี 2,ส12101 สังคมศึกษา ศาสนาและวัฒนธรรม 2,ส12102 ประวัติศาสตร์ 2,พ12101 สุขศึกษาและพลศึกษา 2,ศ12101 ศิลปะ 2,ง12101 การงานอาชีพ 2,อ12101 ภาษาอังกฤษ 2,อ12201 ภาษาอังกฤษเพิ่มเติม 2,ส12202 ต้านทุจริตศึกษา 2,ท13101 ภาษาไทย 3,ค13101 คณิตศาสตร์ 3,ว13101 วิทยาศาสตร์และเทคโนโลยี 3,ส13101 สังคมศึกษา ศาสนาและวัฒนธรรม 3,ส13102 ประวัติศาสตร์ 3,พ13101 สุขศึกษาและพลศึกษา 3,ศ13101 ศิลปะ 3,ง13101 การงานอาชีพ 3,อ13101 ภาษาอังกฤษ 3,อ13201 ภาษาอังกฤษเพิ่มเติม 3,ส13203 ต้านทุจริตศึกษา 3,ท14101 ภาษาไทย 4,ค14101 คณิตศาสตร์ 4,ว14101 วิทยาศาสตร์และเทคโนโลยี 4,ส14101 สังคมศึกษา ศาสนาและวัฒนธรรม 4,ส14102 ประวัติศาสตร์ 4,พ14101 สุขศึกษาและพลศึกษา 4,ศ14101 ศิลปะ 4,ง14101 การงานอาชีพ 4,อ14101 ภาษาอังกฤษ 4,ว14201 สนุกกับคอมพิวเตอร์ 1,ส14204 ต้านทุจริตศึกษา 4,ท15101 ภาษาไทย 5,ค15101 คณิตศาสตร์ 5,ว15101 วิทยาศาสตร์และเทคโนโลยี 5,ส15101 สังคมศึกษา ศาสนาและวัฒนธรรม 5,ส15102 ประวัติศาสตร์ 5,พ15101 สุขศึกษาและพลศึกษา 5,ศ15101 ศิลปะ 5,ง15101 การงานอาชีพ 5,อ15101 ภาษาอังกฤษ 5,ว15201 สนุกกับคอมพิวเตอร์ 2,ส15205 ต้านทุจริตศึกษา 5,ท16101 ภาษาไทย6,ค16101 คณิตศาสตร์ 6,ว16101 วิทยาศาสตร์และเทคโนโลยี 6,ส16101 สังคมศึกษา ศาสนาและวัฒนธรรม 6,ส16102 ประวัติศาสตร์ 6,พ16101 สุขศึกษาและพลศึกษา 6,ศ16101 ศิลปะ 6,ง16101 การงานอาชีพและเทคโนโลยี 6,อ16101 ภาษาอังกฤษ 6,ส16206 ต้านทุจริตศึกษา 6,ก11901 แนะแนว 1,ก11902 ลูกเสือ-เนตรนารี 1,ก11903 ชุมนุมเด็กไทยหัวใจสุจริต 1,ก11904 กิจกรรมเพื่อสังคมและสาธารณประโยชน์,ก12901 แนะแนว 2,ก12902 ลูกเสือ-เนตรนารี 2,ก12903 ชุมนุมเด็กไทยหัวใจสุจริต 2,ก12904 กิจกรรมเพื่อสังคมและสาธารณประโยชน์,ก13901 แนะแนว 3,ก13902 ลูกเสือ-เนตรนารี 3,ก13903 ชุมนุมดนตรี,ก13904 กิจกรรมเพื่อสังคมและสาธารณประโยชน์,ก14901 แนะแนว 4,ก14902 ลูกเสือ-เนตรนารี 4,ก14903 ชุมนุมดนตรี,ก14904 กิจกรรมเพื่อสังคมและสาธารณประโยชน์,ก15901 แนะแนว 5,ก15902 ลูกเสือ-เนตรนารี 5,ก15903 ชุมนุมดนตรี,ก15904 กิจกรรมเพื่อสังคมและสาธารณประโยชน์,ก16901 แนะแนว 6,ก16902 ลูกเสือ-เนตรนารี 6,ก11903 ชุมนุมดนตรี1,ก16904 กิจกรรมเพื่อสังคมและสาธารณประโยชน์
1,989,ด.ช.วรากร ริยะนิจ,4,4,4,4,4,4,4,4,4,4,,,,,,,,,,,,,,,,,,,,,,,,,,,,,,,,,,,,,,,,,,,,,,,,,,,,,,,ผ,ผ,ผ,ผ,ผ,ผ,ผ,ผ,ผ,ผ,ผ,ผ,ผ,ผ,ผ,ผ,,,,,,,ผ,
2,991,ด.ช.ธีระนัย กุราราช,3,2.5,3,3,3,4,3.5,3,2.5,3,,,,,,,,,,,,,,,,,,,,,,,,,,,,,,,,,,,,,,,,,,,,,,,,,,,,,,,ผ,ผ,ผ,ผ,ผ,ผ,ผ,ผ,ผ,ผ,ผ,ผ,ผ,ผ,ผ,ผ,,,,,,,ผ,
3,992,ด.ช.พัสกร หนูป้อง,4,4,4,4,4,4,4,4,4,4,,,,,,,,,,,,,,,,,,,,,,,,,,,,,,,,,,,,,,,,,,,,,,,,,,,,,,,ผ,ผ,ผ,ผ,ผ,ผ,ผ,ผ,ผ,ผ,ผ,ผ,ผ,ผ,ผ,ผ,,,,,,,ผ,
4,993,ด.ช.กฤตชยา สีสุวรรณ,3,3,4,3,3.5,4,4,4,3,4,,,,,,,,,,,,,,,,,,,,,,,,,,,,,,,,,,,,,,,,,,,,,,,,,,,,,,,ผ,ผ,ผ,ผ,ผ,ผ,ผ,ผ,ผ,ผ,ผ,ผ,ผ,ผ,ผ,ผ,,,,,,,ผ,
5,994,ด.ช.อภิวิชญ์ โพธิ์อินทร์,4,3.5,4,4,4,4,4,4,4,4,,,,,,,,,,,,,,,,,,,,,,,,,,,,,,,,,,,,,,,,,,,,,,,,,,,,,,,ผ,ผ,ผ,ผ,ผ,ผ,ผ,ผ,ผ,ผ,ผ,ผ,ผ,ผ,ผ,ผ,,,,,,,ผ,
6,996,ด.ช.พัสกร ปูนปาน,3,3,3,3,3,4,3,4,2.5,3,,,,,,,,,,,,,,,,,,,,,,,,,,,,,,,,,,,,,,,,,,,,,,,,,,,,,,,ผ,ผ,ผ,ผ,ผ,ผ,ผ,ผ,ผ,ผ,ผ,ผ,ผ,ผ,ผ,ผ,,,,,,,ผ,
7,998,ด.ช.นาทัชชา มูลลี,3,3,4,3,3,4,3.5,3.5,3,3.5,,,,,,,,,,,,,,,,,,,,,,,,,,,,,,,,,,,,,,,,,,,,,,,,,,,,,,,ผ,ผ,ผ,ผ,ผ,ผ,ผ,ผ,ผ,ผ,ผ,ผ,ผ,ผ,ผ,ผ,,,,,,,ผ,
8,1000,ด.ญ.พิมพ์ลภัส ฤกษ์บ่าย,3.5,3.5,4,4,3.5,4,4,4,3.5,4,,,,,,,,,,,,,,,,,,,,,,,,,,,,,,,,,,,,,,,,,,,,,,,,,,,,,,,ผ,ผ,ผ,ผ,ผ,ผ,ผ,ผ,ผ,ผ,ผ,ผ,ผ,ผ,ผ,ผ,,,,,,,ผ,
9,1002,ด.ญ.ธัญพร ปัญญารส,4,3.5,4,3.5,4,4,3,4,3,4,,,,,,,,,,,,,,,,,,,,,,,,,,,,,,,,,,,,,,,,,,,,,,,,,,,,,,,ผ,ผ,ผ,ผ,ผ,ผ,ผ,ผ,ผ,ผ,ผ,ผ,ผ,ผ,ผ,ผ,,,,,,,ผ,
10,1004,ด.ญ.กุลณัตย์ จันทมาตร,2,1.5,1.5,2,2.5,3,2.5,2.5,2,2.5,,,,,,,,,,,,,,,,,,,,,,,,,,,,,,,,,,,,,,,,,,,,,,,,,,,,,,,ผ,ผ,ผ,ผ,ผ,ผ,ผ,ผ,ผ,ผ,ผ,ผ,ผ,ผ,ผ,ผ,,,,,,,ผ,
11,999,ด.ญ.ธัญลักษณ์ แก่นจำปา,3.5,3.5,3.5,3,3.5,4,3.5,4,3,3.5,,,,,,,,,,,,,,,,,,,,,,,,,,,,,,,,,,,,,,,,,,,,,,,,,,,,,,,ผ,ผ,ผ,ผ,ผ,ผ,ผ,ผ,ผ,ผ,ผ,ผ,ผ,ผ,ผ,ผ,,,,,,,ผ,
